{
	"class_name" : "PinholeCameraTrajectory",
    "parameters" :
    [
        {
            "class_name" : "PinholeCameraParameters",
            "extrinsic" : 
            [
                0.70158732025509474,
                -0.022423688422637207,
                -0.71223058783992121,
                0.0,
                0.7111199263088146,
                0.086059568216717675,
                0.69778377820417858,
                0.0,
                0.045647370831421542,
                -0.99603761420735348,
                0.076324233506155054,
                0.0,
                -20.750506784708499,
                2.1342556396400898,
                -13.611359911700417,
                1.0
            ],
            "intrinsic" : 
            {
                "height" : 1016,
                "intrinsic_matrix" : 
                [
                    879.88181024498977,
                    0.0,
                    0.0,
                    0.0,
                    879.88181024498977,
                    0.0,
                    923.5,
                    507.5,
                    1.0
                ],
                "width" : 1848
            },
            "version_major" : 1,
            "version_minor" : 0
        }
    ],
	"version_major" : 1,
	"version_minor" : 0
}
