{
	"class_name" : "PinholeCameraParameters",
	"extrinsic" : 
	[
		0.61887688537688745,
		0.14749192436959763,
		-0.77151638543322987,
		0.0,
		0.78483955786355941,
		-0.076208998262756275,
		0.61499516827071088,
		0.0,
		0.031910329969082635,
		-0.98612287308911983,
		-0.16292148419322766,
		0.0,
		-21.728198659139295,
		7.1197333929897546,
		13.126136392698609,
		1.0
	],
	"intrinsic" : 
	{
		"height" : 1016,
		"intrinsic_matrix" : 
		[
			879.88181024498977,
			0.0,
			0.0,
			0.0,
			879.88181024498977,
			0.0,
			923.5,
			507.5,
			1.0
		],
		"width" : 1848
	},
	"version_major" : 1,
	"version_minor" : 0
}