{
	"class_name" : "PinholeCameraParameters",
	"extrinsic" : 
	[
		0.62017923043134482,
		0.14191613421182622,
		-0.77151638543322987,
		0.0,
		0.78412190035101181,
		-0.083269372482312171,
		0.61499516827071088,
		0.0,
		0.023034051565084108,
		-0.98637012447497263,
		-0.16292148419322766,
		0.0,
		-22.500827759518447,
		5.6839080140596066,
		7.584959480839089,
		1.0
	],
	"intrinsic" : 
	{
		"height" : 1016,
		"intrinsic_matrix" : 
		[
			879.88181024498977,
			0.0,
			0.0,
			0.0,
			879.88181024498977,
			0.0,
			923.5,
			507.5,
			1.0
		],
		"width" : 1848
	},
	"version_major" : 1,
	"version_minor" : 0
}