{
	"class_name" : "PinholeCameraParameters",
	"extrinsic" : 
	[
		0.87208580588991591,
		0.10717219253843531,
		-0.47747300270469822,
		0.0,
		0.48822932739482672,
		-0.25663950951901993,
		0.83412726009010885,
		0.0,
		-0.033143189902772777,
		-0.9605468667901329,
		-0.27613628096055631,
		0.0,
		-7.3678490223250908,
		15.388697786332795,
		16.047287528410337,
		1.0
	],
	"intrinsic" : 
	{
		"height" : 1016,
		"intrinsic_matrix" : 
		[
			879.88181024498977,
			0.0,
			0.0,
			0.0,
			879.88181024498977,
			0.0,
			923.5,
			507.5,
			1.0
		],
		"width" : 1848
	},
	"version_major" : 1,
	"version_minor" : 0
}