{
	"class_name" : "PinholeCameraParameters",
	"extrinsic" : 
	[
		0.61752441163308458,
		0.15305576776213611,
		-0.77151638543322987,
		0.0,
		0.78549364380102982,
		-0.069142451156008256,
		0.61499516827071088,
		0.0,
		0.040784023653800607,
		-0.9857957462897079,
		-0.16292148419322766,
		0.0,
		-21.760966993958228,
		9.1410260342957486,
		20.052607532523108,
		1.0
	],
	"intrinsic" : 
	{
		"height" : 1016,
		"intrinsic_matrix" : 
		[
			879.88181024498977,
			0.0,
			0.0,
			0.0,
			879.88181024498977,
			0.0,
			923.5,
			507.5,
			1.0
		],
		"width" : 1848
	},
	"version_major" : 1,
	"version_minor" : 0
}