{
	"class_name" : "PinholeCameraParameters",
	"extrinsic" : 
	[
		0.99998084421124023,
		0.0021083151148353764,
		-0.0058194688719975154,
		0.0,
		0.0061866914705968846,
		-0.31161037885779241,
		0.95018982137084107,
		0.0,
		0.00018989266240459482,
		-0.95020762299377493,
		-0.3116174532103379,
		0.0,
		11.805472782124646,
		16.103720269745214,
		14.839441449575467,
		1.0
	],
	"intrinsic" : 
	{
		"height" : 1016,
		"intrinsic_matrix" : 
		[
			879.88181024498977,
			0.0,
			0.0,
			0.0,
			879.88181024498977,
			0.0,
			923.5,
			507.5,
			1.0
		],
		"width" : 1848
	},
	"version_major" : 1,
	"version_minor" : 0
}