{
	"class_name" : "PinholeCameraTrajectory",
    "parameters" :
    [
        {
            "class_name" : "PinholeCameraParameters",
            "extrinsic" : 
            [
                0.65800260084569107,
                -0.27001808120442816,
                0.70293869796944952,
                0.0,
                -0.75254458859012907,
                -0.26881460219828646,
                0.60117830285921869,
                0.0,
                0.026631174664658169,
                -0.92456960012086487,
                -0.38008135322365477,
                0.0,
                -92.523102562717014,
                28.846911886133036,
                -31.706291296739462,
                1.0
            ],
            "intrinsic" : 
            {
                "height" : 1016,
                "intrinsic_matrix" : 
                [
                    879.88181024498977,
                    0.0,
                    0.0,
                    0.0,
                    879.88181024498977,
                    0.0,
                    923.5,
                    507.5,
                    1.0
                ],
                "width" : 1848
            },
            "version_major" : 1,
            "version_minor" : 0
        },
        {
            "class_name" : "PinholeCameraParameters",
            "extrinsic" : 
            [
                0.65800260084569107,
                -0.27001808120442816,
                0.70293869796944952,
                0.0,
                -0.75254458859012907,
                -0.26881460219828646,
                0.60117830285921869,
                0.0,
                0.026631174664658169,
                -0.92456960012086487,
                -0.38008135322365477,
                0.0,
                -89.698283113897972,
                29.596335594794418,
                -34.842578047833491,
                1.0
            ],
            "intrinsic" : 
            {
                "height" : 1016,
                "intrinsic_matrix" : 
                [
                    879.88181024498977,
                    0.0,
                    0.0,
                    0.0,
                    879.88181024498977,
                    0.0,
                    923.5,
                    507.5,
                    1.0
                ],
                "width" : 1848
            },
            "version_major" : 1,
            "version_minor" : 0
        },
        {
            "class_name" : "PinholeCameraParameters",
            "extrinsic" : 
            [
                0.65800260084569107,
                -0.27001808120442816,
                0.70293869796944952,
                0.0,
                -0.75254458859012907,
                -0.26881460219828646,
                0.60117830285921869,
                0.0,
                0.026631174664658169,
                -0.92456960012086487,
                -0.38008135322365477,
                0.0,
                -87.607738499724533,
                30.35377929558177,
                -39.15497233058754,
                1.0
            ],
            "intrinsic" : 
            {
                "height" : 1016,
                "intrinsic_matrix" : 
                [
                    879.88181024498977,
                    0.0,
                    0.0,
                    0.0,
                    879.88181024498977,
                    0.0,
                    923.5,
                    507.5,
                    1.0
                ],
                "width" : 1848
            },
            "version_major" : 1,
            "version_minor" : 0
        },
        {
            "class_name" : "PinholeCameraParameters",
            "extrinsic" : 
            [
                0.65800260084569107,
                -0.27001808120442816,
                0.70293869796944952,
                0.0,
                -0.75254458859012907,
                -0.26881460219828646,
                0.60117830285921869,
                0.0,
                0.026631174664658169,
                -0.92456960012086487,
                -0.38008135322365477,
                0.0,
                -87.483874176890026,
                31.465884870384961,
                -44.251438301115286,
                1.0
            ],
            "intrinsic" : 
            {
                "height" : 1016,
                "intrinsic_matrix" : 
                [
                    879.88181024498977,
                    0.0,
                    0.0,
                    0.0,
                    879.88181024498977,
                    0.0,
                    923.5,
                    507.5,
                    1.0
                ],
                "width" : 1848
            },
            "version_major" : 1,
            "version_minor" : 0
        }

    ],
	"version_major" : 1,
	"version_minor" : 0
}
